	SEQN	BPQ020	DIQ010	DIQ190A	DIQ190B	PAQ180	PADACTIV	PADDURAT	SLD010H	RIAGENDR	RIDAGEMN	PreDM	Prediction_Correct
6	31153.0	1.0	2.0	1.0	1	2	13.0	20.0	7.0	2.0	528	1	0
7	31153.0	1.0	2.0	1.0	1	2	42.0	10.0	7.0	2.0	528	1	0
17	31183.0	2.0	2.0	2.0	2	1	20.0	120.0	7.0	2.0	398	0	0
22	31199.0	2.0	2.0	2.0	2	3	43.0	60.0	7.0	2.0	303	0	0
26	31203.0	2.0	2.0	2.0	1	2	20.0	30.0	8.0	2.0	399	1	0
32	31206.0	2.0	2.0	2.0	1	2	42.0	45.0	8.0	2.0	210	0	0
36	31211.0	2.0	2.0	2.0	2	2	15.0	30.0	8.0	2.0	211	0	0
37	31211.0	2.0	2.0	2.0	2	2	39.0	45.0	8.0	2.0	211	0	0
49	31239.0	2.0	2.0	2.0	2	1	21.0	60.0	7.0	1.0	218	1	0
52	31241.0	2.0	2.0	2.0	2	3	34.0	60.0	7.0	1.0	487	1	0
53	31242.0	2.0	2.0	2.0	2	1	40.0	30.0	7.0	1.0	696	0	0
54	31242.0	2.0	2.0	2.0	2	1	10.0	30.0	7.0	1.0	696	0	0
68	31268.0	2.0	2.0	2.0	2	3	42.0	15.0	7.0	2.0	480	1	0
69	31273.0	1.0	2.0	2.0	2	2	42.0	30.0	8.0	1.0	747	1	0
71	31302.0	2.0	2.0	2.0	2	2	16.0	30.0	8.0	2.0	297	1	0
79	31334.0	1.0	2.0	2.0	1	1	37.0	15.0	4.0	2.0	668	0	0
80	31334.0	1.0	2.0	2.0	1	1	42.0	30.0	4.0	2.0	668	0	0
84	31363.0	2.0	2.0	2.0	2	2	43.0	30.0	8.0	1.0	338	0	0
85	31370.0	2.0	2.0	1.0	1	2	42.0	30.0	8.0	2.0	230	0	0
88	31373.0	2.0	2.0	2.0	2	1	12.0	60.0	6.0	1.0	200	0	0
89	31378.0	2.0	2.0	1.0	1	2	15.0	30.0	8.0	2.0	231	1	0
98	31403.0	2.0	2.0	2.0	2	1	36.0	20.0	6.0	2.0	254	1	0
99	31403.0	2.0	2.0	2.0	2	1	29.0	30.0	6.0	2.0	254	1	0
115	31432.0	1.0	2.0	2.0	2	2	19.0	240.0	7.0	2.0	546	0	0
116	31432.0	1.0	2.0	2.0	2	2	38.0	30.0	7.0	2.0	546	0	0
118	31439.0	1.0	2.0	2.0	2	2	42.0	15.0	8.0	2.0	380	1	0
119	31439.0	1.0	2.0	2.0	2	2	19.0	120.0	8.0	2.0	380	1	0
123	31471.0	1.0	1.0	1.0	1	3	40.0	60.0	4.0	2.0	598	0	0
131	31488.0	2.0	2.0	2.0	2	3	42.0	300.0	6.0	1.0	458	1	0
141	31509.0	1.0	2.0	1.0	1	2	29.0	120.0	4.0	1.0	422	0	0
143	31520.0	1.0	3.0	2.0	1	2	44.0	30.0	7.0	1.0	645	0	0
155	31532.0	2.0	2.0	1.0	1	2	43.0	45.0	8.0	1.0	233	1	0
156	31544.0	2.0	2.0	1.0	1	2	13.0	45.0	7.0	2.0	232	0	0
157	31544.0	2.0	2.0	1.0	1	2	42.0	60.0	7.0	2.0	232	0	0
159	31550.0	2.0	2.0	2.0	2	3	36.0	10.0	9.0	1.0	284	1	0
181	31564.0	2.0	2.0	2.0	2	1	12.0	120.0	7.0	1.0	227	0	0
182	31565.0	2.0	2.0	2.0	1	2	20.0	60.0	6.0	1.0	231	1	0
189	31577.0	2.0	2.0	2.0	1	2	15.0	120.0	7.0	2.0	635	1	0
190	31589.0	2.0	2.0	2.0	2	2	40.0	45.0	9.0	2.0	193	1	0
191	31589.0	2.0	2.0	2.0	2	2	23.0	60.0	9.0	2.0	193	1	0
205	31646.0	2.0	2.0	1.0	1	4	36.0	10.0	10.0	1.0	205	1	0
206	31663.0	2.0	2.0	2.0	2	2	42.0	30.0	7.0	1.0	923	0	0
209	31666.0	2.0	2.0	2.0	2	2	17.0	180.0	8.0	1.0	471	0	0
212	31689.0	2.0	2.0	2.0	2	2	12.0	30.0	4.0	1.0	195	1	0
226	31723.0	2.0	2.0	2.0	2	2	42.0	60.0	5.0	2.0	224	0	0
227	31723.0	2.0	2.0	2.0	2	2	12.0	30.0	5.0	2.0	224	0	0
233	31765.0	1.0	2.0	1.0	1	2	42.0	10.0	8.0	1.0	851	0	0
234	31765.0	1.0	2.0	1.0	1	2	19.0	180.0	8.0	1.0	851	0	0
236	31795.0	1.0	2.0	2.0	1	2	42.0	20.0	8.0	2.0	724	0	0
245	31816.0	2.0	2.0	2.0	2	3	42.0	30.0	6.0	2.0	318	1	0
295	31893.0	2.0	2.0	2.0	2	2	10.0	90.0	9.0	2.0	980	0	0
296	31893.0	2.0	2.0	2.0	2	2	43.0	15.0	9.0	2.0	980	0	0
297	31893.0	2.0	2.0	2.0	2	2	42.0	45.0	9.0	2.0	980	0	0
299	31914.0	2.0	2.0	2.0	2	4	15.0	30.0	7.0	1.0	612	0	0
300	31914.0	2.0	2.0	2.0	2	4	13.0	30.0	7.0	1.0	612	0	0
301	31920.0	2.0	2.0	2.0	2	2	10.0	30.0	7.0	2.0	204	1	0
302	31920.0	2.0	2.0	2.0	2	2	42.0	60.0	7.0	2.0	204	1	0
312	31944.0	2.0	2.0	1.0	1	3	42.0	20.0	6.0	2.0	795	1	0
324	31991.0	2.0	2.0	2.0	1	2	13.0	60.0	5.0	2.0	397	0	0
330	32012.0	2.0	2.0	1.0	1	2	23.0	30.0	7.0	2.0	361	1	0
331	32012.0	2.0	2.0	1.0	1	2	42.0	30.0	7.0	2.0	361	1	0
332	32014.0	1.0	2.0	1.0	1	2	23.0	30.0	6.0	2.0	713	0	0
337	32026.0	2.0	2.0	2.0	2	3	10.0	120.0	8.0	2.0	200	0	0
339	32030.0	2.0	2.0	2.0	2	3	44.0	480.0	8.0	1.0	965	1	0
342	32037.0	2.0	2.0	2.0	2	2	20.0	30.0	9.0	1.0	412	0	0
343	32037.0	2.0	2.0	2.0	2	2	13.0	30.0	9.0	1.0	412	0	0
362	32067.0	2.0	2.0	2.0	2	2	37.0	10.0	8.0	2.0	267	1	0
363	32067.0	2.0	2.0	2.0	2	2	42.0	60.0	8.0	2.0	267	1	0
364	32067.0	2.0	2.0	2.0	2	2	16.0	180.0	8.0	2.0	267	1	0
384	32115.0	2.0	2.0	2.0	2	2	42.0	60.0	7.0	2.0	316	1	0
385	32115.0	2.0	2.0	2.0	2	2	20.0	60.0	7.0	2.0	316	1	0
386	32115.0	2.0	2.0	2.0	2	2	13.0	30.0	7.0	2.0	316	1	0
393	32135.0	2.0	2.0	2.0	2	3	38.0	60.0	5.0	2.0	458	1	0
396	32135.0	2.0	2.0	2.0	2	3	38.0	15.0	5.0	2.0	458	1	0
400	32150.0	2.0	2.0	2.0	2	2	15.0	15.0	6.0	2.0	371	1	0
401	32150.0	2.0	2.0	2.0	2	2	10.0	40.0	6.0	2.0	371	1	0
402	32161.0	2.0	2.0	2.0	2	3	42.0	60.0	6.0	2.0	465	0	0
409	32180.0	2.0	2.0	2.0	2	2	42.0	30.0	9.0	2.0	372	1	0
410	32193.0	1.0	2.0	1.0	1	1	13.0	30.0	8.0	1.0	918	0	0
420	32205.0	9.0	9.0	2.0	2	2	42.0	30.0	7.0	2.0	430	0	0
428	32226.0	1.0	2.0	2.0	2	4	42.0	30.0	6.0	1.0	489	1	0
444	32245.0	2.0	2.0	1.0	2	2	40.0	25.0	7.0	1.0	736	0	0
448	32273.0	2.0	2.0	2.0	2	4	12.0	180.0	8.0	1.0	338	1	0
449	32273.0	2.0	2.0	2.0	2	4	34.0	30.0	8.0	1.0	338	1	0
450	32292.0	2.0	2.0	2.0	2	2	15.0	180.0	8.0	2.0	296	0	0
456	32317.0	2.0	2.0	2.0	2	3	13.0	10.0	8.0	1.0	209	1	0
457	32321.0	2.0	2.0	2.0	2	2	42.0	20.0	6.0	1.0	792	0	0
458	32321.0	2.0	2.0	2.0	2	2	13.0	20.0	6.0	1.0	792	0	0
459	32321.0	2.0	2.0	2.0	2	2	14.0	60.0	6.0	1.0	792	0	0
462	32325.0	2.0	2.0	1.0	1	4	38.0	120.0	6.0	1.0	440	0	0
463	32325.0	2.0	2.0	1.0	1	4	43.0	30.0	6.0	1.0	440	0	0
466	32361.0	2.0	2.0	1.0	2	4	12.0	60.0	7.0	1.0	293	1	0
470	32375.0	2.0	2.0	2.0	2	3	42.0	45.0	9.0	2.0	196	0	0
476	32386.0	2.0	2.0	2.0	2	1	40.0	30.0	7.0	1.0	414	0	0
477	32386.0	2.0	2.0	2.0	2	1	29.0	30.0	7.0	1.0	414	0	0
489	32442.0	1.0	2.0	2.0	2	2	20.0	60.0	7.0	1.0	870	0	0
490	32442.0	1.0	2.0	2.0	2	2	43.0	45.0	7.0	1.0	870	0	0
503	32501.0	2.0	2.0	2.0	2	1	12.0	60.0	9.0	1.0	226	1	0
508	32514.0	2.0	2.0	2.0	2	3	10.0	30.0	7.0	1.0	194	0	0
514	32549.0	2.0	2.0	2.0	2	2	42.0	15.0	6.0	2.0	207	1	0
515	32549.0	2.0	2.0	2.0	2	2	15.0	30.0	6.0	2.0	207	1	0
521	32556.0	1.0	2.0	2.0	1	3	40.0	30.0	7.0	2.0	496	0	0
523	32572.0	2.0	2.0	2.0	2	1	10.0	30.0	8.0	2.0	301	1	0
526	32573.0	2.0	2.0	2.0	2	2	12.0	120.0	5.0	1.0	558	0	0
535	32596.0	2.0	2.0	2.0	2	2	42.0	40.0	7.0	2.0	349	1	0
539	32649.0	2.0	2.0	2.0	2	2	42.0	30.0	8.0	2.0	323	0	0
557	32688.0	2.0	2.0	2.0	2	2	15.0	60.0	7.0	2.0	759	1	0
575	32706.0	2.0	2.0	2.0	2	4	13.0	40.0	7.0	1.0	526	1	0
583	32714.0	2.0	2.0	2.0	2	1	38.0	20.0	8.0	2.0	312	0	0
584	32714.0	2.0	2.0	2.0	2	1	13.0	45.0	8.0	2.0	312	0	0
589	32744.0	2.0	2.0	2.0	2	2	42.0	60.0	9.0	2.0	219	1	0
590	32755.0	2.0	2.0	2.0	2	2	13.0	180.0	5.0	1.0	383	1	0
593	32779.0	2.0	2.0	2.0	2	4	43.0	45.0	7.0	1.0	478	0	0
594	32789.0	2.0	2.0	2.0	2	2	15.0	30.0	8.0	2.0	333	1	0
595	32789.0	2.0	2.0	2.0	2	2	42.0	30.0	8.0	2.0	333	1	0
611	32830.0	2.0	2.0	2.0	2	3	11.0	90.0	7.0	1.0	199	1	0
613	32830.0	2.0	2.0	2.0	2	3	17.0	30.0	7.0	1.0	199	1	0
614	32830.0	2.0	2.0	2.0	2	3	43.0	45.0	7.0	1.0	199	1	0
615	32830.0	2.0	2.0	2.0	2	3	10.0	45.0	7.0	1.0	199	1	0
616	32830.0	2.0	2.0	2.0	2	3	29.0	15.0	7.0	1.0	199	1	0
625	32837.0	2.0	2.0	1.0	1	2	15.0	120.0	5.0	1.0	400	1	0
626	32837.0	2.0	2.0	1.0	1	2	12.0	60.0	5.0	1.0	400	1	0
631	32839.0	2.0	2.0	2.0	2	3	12.0	90.0	7.0	1.0	209	0	0
632	32842.0	2.0	2.0	2.0	2	3	42.0	30.0	7.0	2.0	646	0	0
634	32845.0	2.0	2.0	2.0	2	2	10.0	20.0	8.0	2.0	216	1	0
641	32881.0	2.0	2.0	2.0	2	1	15.0	180.0	5.0	2.0	281	0	0
642	32885.0	2.0	2.0	2.0	2	4	43.0	30.0	6.0	2.0	586	0	0
643	32885.0	2.0	2.0	2.0	2	4	40.0	30.0	6.0	2.0	586	0	0
655	32946.0	2.0	2.0	2.0	2	1	14.0	150.0	6.0	1.0	479	1	0
656	32946.0	2.0	2.0	2.0	2	1	42.0	60.0	6.0	1.0	479	1	0
657	32946.0	2.0	2.0	2.0	2	1	38.0	30.0	6.0	1.0	479	1	0
658	32946.0	2.0	2.0	2.0	2	1	16.0	360.0	6.0	1.0	479	1	0
660	32955.0	2.0	2.0	2.0	2	2	37.0	30.0	5.0	2.0	223	1	0
661	32955.0	2.0	2.0	2.0	2	2	41.0	60.0	5.0	2.0	223	1	0
662	32955.0	2.0	2.0	2.0	2	2	23.0	30.0	5.0	2.0	223	1	0
665	32956.0	2.0	2.0	2.0	2	1	42.0	20.0	5.0	2.0	347	1	0
667	32956.0	2.0	2.0	2.0	2	1	10.0	60.0	5.0	2.0	347	1	0
668	32958.0	2.0	2.0	2.0	2	2	29.0	133.0	7.0	2.0	544	1	0
669	32958.0	2.0	2.0	2.0	2	2	13.0	10.0	7.0	2.0	544	1	0
670	32958.0	2.0	2.0	2.0	2	2	10.0	75.0	7.0	2.0	544	1	0
671	32963.0	2.0	2.0	2.0	2	4	20.0	120.0	8.0	1.0	395	0	0
674	32977.0	2.0	2.0	2.0	2	4	38.0	60.0	2.0	1.0	454	0	0
682	33014.0	2.0	2.0	2.0	2	2	42.0	40.0	8.0	2.0	426	1	0
683	33014.0	2.0	2.0	2.0	2	2	40.0	30.0	8.0	2.0	426	1	0
686	33022.0	2.0	2.0	2.0	2	2	43.0	20.0	6.0	2.0	364	1	0
687	33022.0	2.0	2.0	2.0	2	2	42.0	15.0	6.0	2.0	364	1	0
699	33061.0	2.0	2.0	2.0	1	1	23.0	30.0	6.0	2.0	610	1	0
712	33080.0	1.0	2.0	2.0	2	1	13.0	40.0	8.0	1.0	535	1	0
713	33080.0	1.0	2.0	2.0	2	1	35.0	60.0	8.0	1.0	535	1	0
722	33104.0	2.0	2.0	2.0	1	4	34.0	90.0	7.0	1.0	218	1	0
728	33110.0	2.0	2.0	2.0	2	2	23.0	24.0	6.0	1.0	223	0	0
730	33110.0	2.0	2.0	2.0	2	2	12.0	60.0	6.0	1.0	223	0	0
731	33110.0	2.0	2.0	2.0	2	2	43.0	60.0	6.0	1.0	223	0	0
742	33124.0	2.0	2.0	2.0	2	3	10.0	20.0	8.0	2.0	210	0	0
743	33124.0	2.0	2.0	2.0	2	3	22.0	20.0	8.0	2.0	210	0	0
744	33124.0	2.0	2.0	2.0	2	3	42.0	20.0	8.0	2.0	210	0	0
766	33158.0	2.0	2.0	2.0	2	1	53.0	120.0	7.0	1.0	226	1	0
790	33193.0	2.0	2.0	2.0	1	3	42.0	15.0	7.0	2.0	224	0	0
792	33198.0	2.0	2.0	1.0	1	3	10.0	90.0	5.0	2.0	408	1	0
794	33202.0	1.0	2.0	1.0	1	2	40.0	30.0	7.0	1.0	520	1	0
795	33206.0	2.0	2.0	2.0	2	2	42.0	20.0	8.0	2.0	385	0	0
805	33217.0	2.0	2.0	2.0	2	2	29.0	30.0	6.0	1.0	295	0	0
816	33231.0	2.0	2.0	2.0	2	1	40.0	30.0	7.0	1.0	351	0	0
828	33241.0	2.0	2.0	2.0	1	2	42.0	30.0	8.0	1.0	469	1	0
829	33247.0	1.0	2.0	1.0	1	2	71.0	60.0	5.0	2.0	664	0	0
830	33256.0	2.0	2.0	2.0	2	1	42.0	30.0	7.0	1.0	462	1	0
832	33257.0	2.0	2.0	2.0	2	2	29.0	10.0	6.0	1.0	296	1	0
833	33257.0	2.0	2.0	2.0	2	2	23.0	10.0	6.0	1.0	296	1	0
834	33257.0	2.0	2.0	2.0	2	2	50.0	10.0	6.0	1.0	296	1	0
842	33272.0	2.0	2.0	2.0	2	2	40.0	30.0	8.0	1.0	390	0	0
862	33328.0	2.0	2.0	2.0	2	2	42.0	30.0	6.0	1.0	631	1	0
864	33330.0	2.0	2.0	1.0	2	2	42.0	30.0	8.0	2.0	429	0	0
866	33344.0	1.0	2.0	2.0	2	3	42.0	30.0	7.0	1.0	329	1	0
871	33351.0	2.0	2.0	2.0	2	2	37.0	15.0	8.0	2.0	194	0	0
874	33360.0	2.0	2.0	2.0	2	3	13.0	120.0	5.0	1.0	336	1	0
902	33397.0	2.0	2.0	2.0	2	3	51.0	90.0	8.0	1.0	301	0	0
916	33413.0	2.0	2.0	2.0	2	2	36.0	20.0	8.0	2.0	411	1	0
919	33413.0	2.0	2.0	2.0	2	2	10.0	60.0	8.0	2.0	411	1	0
929	33430.0	1.0	2.0	1.0	1	2	15.0	10.0	4.0	2.0	505	0	0
935	33441.0	2.0	2.0	2.0	2	2	20.0	120.0	8.0	2.0	317	0	0
936	33441.0	2.0	2.0	2.0	2	2	42.0	30.0	8.0	2.0	317	0	0
939	33446.0	2.0	2.0	2.0	2	2	37.0	10.0	7.0	1.0	447	1	0
941	33446.0	2.0	2.0	2.0	2	2	13.0	180.0	7.0	1.0	447	1	0
942	33450.0	2.0	2.0	2.0	2	3	20.0	45.0	8.0	1.0	776	0	0
947	33468.0	2.0	2.0	2.0	2	1	54.0	10.0	6.0	1.0	270	0	0
961	33489.0	2.0	2.0	2.0	2	1	10.0	60.0	8.0	2.0	390	0	0
963	33503.0	2.0	2.0	2.0	2	1	38.0	30.0	6.0	2.0	195	0	0
967	33512.0	2.0	2.0	2.0	2	3	15.0	30.0	9.0	2.0	211	1	0
971	33530.0	2.0	2.0	2.0	1	2	42.0	30.0	6.0	2.0	675	0	0
972	33530.0	2.0	2.0	2.0	1	2	43.0	15.0	6.0	2.0	675	0	0
974	33543.0	2.0	2.0	2.0	2	2	13.0	15.0	7.0	1.0	922	0	0
975	33546.0	2.0	2.0	1.0	1	2	15.0	15.0	9.0	2.0	359	0	0
1000	33582.0	2.0	2.0	2.0	2	2	37.0	20.0	7.0	2.0	263	1	0
1012	33591.0	2.0	2.0	2.0	1	2	42.0	30.0	7.0	2.0	780	0	0
1016	33596.0	2.0	2.0	2.0	2	2	36.0	10.0	8.0	2.0	385	1	0
1019	33607.0	2.0	2.0	2.0	2	2	42.0	30.0	9.0	2.0	324	0	0
1020	33607.0	2.0	2.0	2.0	2	2	15.0	12.0	9.0	2.0	324	0	0
1023	33610.0	2.0	2.0	2.0	1	4	17.0	60.0	6.0	1.0	206	1	0
1025	33610.0	2.0	2.0	2.0	1	4	43.0	15.0	6.0	1.0	206	1	0
1031	33616.0	1.0	2.0	2.0	2	2	10.0	30.0	8.0	1.0	586	1	0
1037	33625.0	2.0	2.0	1.0	1	1	42.0	20.0	10.0	2.0	978	1	0
1038	33627.0	2.0	2.0	2.0	2	3	12.0	30.0	7.0	1.0	555	0	0
1039	33627.0	2.0	2.0	2.0	2	3	42.0	20.0	7.0	1.0	555	0	0
1040	33627.0	2.0	2.0	2.0	2	3	34.0	20.0	7.0	1.0	555	0	0
1041	33639.0	2.0	2.0	2.0	2	1	17.0	120.0	6.0	1.0	202	1	0
1048	33652.0	2.0	2.0	2.0	2	4	43.0	60.0	6.0	1.0	392	1	0
1057	33681.0	2.0	2.0	2.0	2	2	13.0	15.0	7.0	1.0	356	1	0
1063	33700.0	2.0	2.0	1.0	1	2	12.0	60.0	7.0	1.0	353	0	0
1074	33728.0	2.0	2.0	2.0	2	3	23.0	60.0	4.0	1.0	415	0	0
1080	33746.0	2.0	2.0	2.0	2	2	12.0	25.0	7.0	1.0	194	0	0
1089	33779.0	2.0	2.0	2.0	2	1	42.0	30.0	9.0	1.0	212	0	0
1105	33793.0	1.0	2.0	1.0	1	2	36.0	15.0	8.0	1.0	919	0	0
1106	33796.0	1.0	2.0	2.0	2	3	42.0	40.0	7.0	2.0	981	1	0
1108	33828.0	2.0	2.0	2.0	2	2	43.0	90.0	10.0	1.0	231	1	0
1109	33828.0	2.0	2.0	2.0	2	2	29.0	90.0	10.0	1.0	231	1	0
1110	33828.0	2.0	2.0	2.0	2	2	12.0	30.0	10.0	1.0	231	1	0
1111	33828.0	2.0	2.0	2.0	2	2	37.0	30.0	10.0	1.0	231	1	0
1112	33828.0	2.0	2.0	2.0	2	2	23.0	20.0	10.0	1.0	231	1	0
1125	33848.0	2.0	2.0	2.0	2	3	12.0	45.0	9.0	1.0	234	0	0
1134	33856.0	2.0	2.0	2.0	2	3	14.0	90.0	7.0	2.0	255	1	0
1146	33880.0	2.0	2.0	2.0	2	3	38.0	60.0	5.0	2.0	350	0	0
1188	33983.0	2.0	2.0	2.0	2	1	55.0	60.0	7.0	2.0	361	0	0
1190	33992.0	2.0	2.0	2.0	2	3	10.0	15.0	5.0	1.0	242	1	0
1191	33992.0	2.0	2.0	2.0	2	3	13.0	60.0	5.0	1.0	242	1	0
1195	33992.0	2.0	2.0	2.0	2	3	42.0	15.0	5.0	1.0	242	1	0
1197	33992.0	2.0	2.0	2.0	2	3	17.0	180.0	5.0	1.0	242	1	0
1198	33992.0	2.0	2.0	2.0	2	3	38.0	45.0	5.0	1.0	242	1	0
1199	33992.0	2.0	2.0	2.0	2	3	23.0	20.0	5.0	1.0	242	1	0
1201	34002.0	2.0	2.0	2.0	2	3	15.0	180.0	8.0	1.0	258	1	0
1202	34002.0	2.0	2.0	2.0	2	3	29.0	60.0	8.0	1.0	258	1	0
1203	34002.0	2.0	2.0	2.0	2	3	42.0	25.0	8.0	1.0	258	1	0
1204	34002.0	2.0	2.0	2.0	2	3	37.0	30.0	8.0	1.0	258	1	0
1206	34010.0	2.0	2.0	2.0	2	3	19.0	120.0	8.0	1.0	215	0	0
1207	34010.0	2.0	2.0	2.0	2	3	11.0	120.0	8.0	1.0	215	0	0
1208	34012.0	1.0	2.0	2.0	1	2	14.0	120.0	99.0	2.0	992	1	0
1209	34021.0	2.0	2.0	2.0	2	2	42.0	20.0	10.0	2.0	277	1	0
1225	34051.0	1.0	2.0	2.0	2	1	38.0	60.0	5.0	1.0	435	0	0
1226	34051.0	1.0	2.0	2.0	2	1	29.0	60.0	5.0	1.0	435	0	0
1230	34080.0	1.0	2.0	2.0	2	1	42.0	60.0	6.0	1.0	532	1	0
1234	34094.0	2.0	2.0	2.0	2	1	13.0	30.0	7.0	1.0	201	1	0
1240	34102.0	2.0	2.0	2.0	2	2	12.0	240.0	6.0	2.0	196	0	0
1244	34108.0	2.0	2.0	2.0	2	2	24.0	120.0	8.0	1.0	310	1	0
1246	34108.0	2.0	2.0	2.0	2	2	11.0	60.0	8.0	1.0	310	1	0
1259	34128.0	2.0	2.0	2.0	2	1	42.0	45.0	6.0	1.0	618	1	0
1260	34129.0	2.0	2.0	2.0	1	2	20.0	30.0	8.0	2.0	402	0	0
1261	34132.0	2.0	2.0	2.0	2	2	20.0	30.0	6.0	2.0	325	1	0
1262	34133.0	2.0	2.0	2.0	2	2	29.0	30.0	7.0	1.0	738	1	0
1263	34136.0	2.0	2.0	2.0	2	1	42.0	30.0	6.0	1.0	355	1	0
1264	34140.0	2.0	2.0	2.0	2	2	23.0	30.0	8.0	2.0	196	1	0
1265	34140.0	2.0	2.0	2.0	2	2	41.0	120.0	8.0	2.0	196	1	0
1266	34140.0	2.0	2.0	2.0	2	2	29.0	45.0	8.0	2.0	196	1	0
1267	34140.0	2.0	2.0	2.0	2	2	12.0	120.0	8.0	2.0	196	1	0
1268	34140.0	2.0	2.0	2.0	2	2	56.0	45.0	8.0	2.0	196	1	0
1275	34165.0	1.0	2.0	2.0	2	2	14.0	180.0	5.0	2.0	626	0	0
1276	34165.0	1.0	2.0	2.0	2	2	42.0	30.0	5.0	2.0	626	0	0
1277	34168.0	1.0	2.0	2.0	2	3	29.0	30.0	6.0	1.0	318	1	0
1280	34168.0	1.0	2.0	2.0	2	3	40.0	30.0	6.0	1.0	318	1	0
1291	34214.0	2.0	2.0	2.0	2	3	43.0	15.0	6.0	1.0	396	1	0
1292	34214.0	2.0	2.0	2.0	2	3	20.0	120.0	6.0	1.0	396	1	0
1293	34214.0	2.0	2.0	2.0	2	3	10.0	60.0	6.0	1.0	396	1	0
1295	34214.0	2.0	2.0	2.0	2	3	29.0	30.0	6.0	1.0	396	1	0
1299	34226.0	2.0	2.0	2.0	2	2	42.0	20.0	7.0	2.0	291	0	0
1301	34226.0	2.0	2.0	2.0	2	2	40.0	15.0	7.0	2.0	291	0	0
1311	34250.0	2.0	2.0	2.0	2	3	40.0	20.0	8.0	1.0	579	1	0
1316	34283.0	1.0	2.0	2.0	2	1	42.0	60.0	9.0	2.0	538	0	0
1332	34354.0	1.0	2.0	2.0	2	1	36.0	10.0	5.0	1.0	408	1	0
1335	34383.0	2.0	2.0	2.0	2	2	38.0	30.0	5.0	2.0	412	1	0
1336	34383.0	2.0	2.0	2.0	2	2	42.0	30.0	5.0	2.0	412	1	0
1345	34397.0	2.0	2.0	2.0	2	2	12.0	120.0	8.0	2.0	234	1	0
1347	34397.0	2.0	2.0	2.0	2	2	12.0	120.0	8.0	2.0	234	1	0
1353	34401.0	1.0	2.0	1.0	1	3	12.0	60.0	4.0	1.0	363	0	0
1373	34427.0	1.0	2.0	1.0	1	3	42.0	30.0	5.0	2.0	891	0	0
1375	34437.0	2.0	2.0	2.0	2	3	33.0	240.0	6.0	2.0	452	1	0
1383	34467.0	2.0	2.0	1.0	1	2	41.0	60.0	9.0	2.0	504	0	0
1385	34467.0	2.0	2.0	1.0	1	2	40.0	60.0	9.0	2.0	504	0	0
1387	34469.0	2.0	2.0	2.0	2	3	55.0	20.0	8.0	2.0	270	1	0
1388	34469.0	2.0	2.0	2.0	2	3	42.0	30.0	8.0	2.0	270	1	0
1389	34469.0	2.0	2.0	2.0	2	3	38.0	15.0	8.0	2.0	270	1	0
1391	34479.0	2.0	2.0	2.0	2	1	42.0	30.0	7.0	2.0	386	1	0
1405	34490.0	2.0	2.0	2.0	2	1	42.0	30.0	6.0	2.0	405	0	0
1407	34514.0	2.0	2.0	2.0	1	2	20.0	40.0	6.0	1.0	760	0	0
1408	34514.0	2.0	2.0	2.0	1	2	20.0	30.0	6.0	1.0	760	0	0
1412	34519.0	2.0	2.0	2.0	2	3	36.0	15.0	8.0	1.0	238	0	0
1413	34519.0	2.0	2.0	2.0	2	3	29.0	30.0	8.0	1.0	238	0	0
1417	34526.0	2.0	2.0	2.0	2	3	39.0	15.0	7.0	1.0	212	0	0
1419	34526.0	2.0	2.0	2.0	2	3	34.0	30.0	7.0	1.0	212	0	0
1425	34536.0	2.0	2.0	2.0	2	2	12.0	45.0	6.0	1.0	226	1	0
1426	34542.0	2.0	2.0	2.0	2	1	42.0	30.0	8.0	2.0	375	1	0
1427	34542.0	2.0	2.0	2.0	2	1	15.0	120.0	8.0	2.0	375	1	0
1433	34569.0	1.0	2.0	2.0	2	2	10.0	30.0	7.0	1.0	838	0	0
1434	34569.0	1.0	2.0	2.0	2	2	10.0	30.0	7.0	1.0	838	0	0
1435	34569.0	1.0	2.0	2.0	2	2	42.0	40.0	7.0	1.0	838	0	0
1443	34593.0	2.0	2.0	2.0	2	2	12.0	120.0	7.0	1.0	236	1	0
1447	34602.0	2.0	2.0	2.0	2	1	54.0	30.0	9.0	2.0	218	1	0
1457	34627.0	2.0	2.0	2.0	2	4	42.0	60.0	6.0	1.0	677	0	0
1467	34669.0	2.0	2.0	2.0	2	4	42.0	20.0	4.0	1.0	482	0	0
1480	34705.0	2.0	2.0	2.0	2	2	42.0	20.0	6.0	2.0	272	1	0
1485	34719.0	2.0	2.0	2.0	2	3	39.0	120.0	8.0	2.0	295	1	0
1490	34724.0	2.0	2.0	1.0	1	1	43.0	15.0	7.0	2.0	472	0	0
1495	34735.0	2.0	2.0	2.0	2	1	29.0	60.0	5.0	2.0	312	1	0
1496	34740.0	2.0	2.0	1.0	1	1	40.0	30.0	7.0	2.0	512	1	0
1497	34740.0	2.0	2.0	1.0	1	1	10.0	30.0	7.0	2.0	512	1	0
1522	34805.0	1.0	2.0	2.0	2	3	43.0	25.0	8.0	1.0	372	0	0
1524	34807.0	2.0	2.0	1.0	1	1	40.0	20.0	8.0	2.0	708	0	0
1527	34821.0	2.0	2.0	2.0	2	1	34.0	90.0	7.0	2.0	227	0	0
1528	34821.0	2.0	2.0	2.0	2	1	29.0	10.0	7.0	2.0	227	0	0
1529	34821.0	2.0	2.0	2.0	2	1	13.0	180.0	7.0	2.0	227	0	0
1535	34832.0	2.0	2.0	1.0	1	3	15.0	45.0	8.0	2.0	239	0	0
1536	34845.0	2.0	2.0	2.0	2	2	12.0	120.0	6.0	1.0	356	1	0
1538	34850.0	1.0	2.0	2.0	2	2	16.0	240.0	6.0	1.0	858	0	0
1539	34850.0	1.0	2.0	2.0	2	2	13.0	50.0	6.0	1.0	858	0	0
1540	34850.0	1.0	2.0	2.0	2	2	42.0	40.0	6.0	1.0	858	0	0
1541	34850.0	1.0	2.0	2.0	2	2	40.0	40.0	6.0	1.0	858	0	0
1542	34866.0	2.0	2.0	2.0	2	2	12.0	180.0	8.0	1.0	226	1	0
1597	34977.0	1.0	2.0	1.0	1	2	23.0	10.0	8.0	2.0	281	1	0
1599	34986.0	2.0	2.0	2.0	2	2	43.0	30.0	7.0	1.0	267	1	0
1600	34986.0	2.0	2.0	2.0	2	2	25.0	20.0	7.0	1.0	267	1	0
1601	34989.0	2.0	2.0	2.0	2	2	29.0	20.0	10.0	1.0	236	0	0
1602	34989.0	2.0	2.0	2.0	2	2	12.0	180.0	10.0	1.0	236	0	0
1603	34989.0	2.0	2.0	2.0	2	2	42.0	120.0	10.0	1.0	236	0	0
1606	34992.0	2.0	2.0	2.0	2	3	13.0	60.0	8.0	1.0	212	0	0
1607	34992.0	2.0	2.0	2.0	2	3	12.0	45.0	8.0	1.0	212	0	0
1608	34992.0	2.0	2.0	2.0	2	3	20.0	120.0	8.0	1.0	212	0	0
1613	35005.0	2.0	2.0	2.0	2	3	38.0	30.0	8.0	1.0	217	1	0
1615	35005.0	2.0	2.0	2.0	2	3	50.0	30.0	8.0	1.0	217	1	0
1616	35005.0	2.0	2.0	2.0	2	3	17.0	45.0	8.0	1.0	217	1	0
1617	35005.0	2.0	2.0	2.0	2	3	54.0	30.0	8.0	1.0	217	1	0
1625	35018.0	1.0	2.0	1.0	1	2	42.0	60.0	11.0	2.0	792	0	0
1626	35018.0	1.0	2.0	1.0	1	2	13.0	60.0	11.0	2.0	792	0	0
1630	35034.0	2.0	2.0	2.0	2	2	12.0	120.0	6.0	2.0	219	0	0
1633	35034.0	2.0	2.0	2.0	2	2	40.0	25.0	6.0	2.0	219	0	0
1636	35042.0	2.0	2.0	2.0	2	1	38.0	30.0	9.0	2.0	281	1	0
1637	35048.0	2.0	2.0	2.0	2	2	13.0	30.0	8.0	2.0	382	0	0
1638	35048.0	2.0	2.0	2.0	2	2	19.0	120.0	8.0	2.0	382	0	0
1641	35051.0	2.0	2.0	2.0	2	2	29.0	10.0	8.0	2.0	302	0	0
1646	35056.0	2.0	2.0	2.0	2	1	42.0	30.0	6.0	2.0	420	0	0
1655	35095.0	2.0	2.0	2.0	2	2	10.0	120.0	8.0	2.0	224	0	0
1656	35095.0	2.0	2.0	2.0	2	2	42.0	15.0	8.0	2.0	224	0	0
1658	35110.0	2.0	2.0	2.0	2	1	40.0	20.0	7.0	2.0	227	1	0
1660	35110.0	2.0	2.0	2.0	2	1	15.0	60.0	7.0	2.0	227	1	0
1668	35135.0	2.0	2.0	2.0	2	4	16.0	480.0	8.0	1.0	405	1	0
1669	35152.0	2.0	2.0	2.0	2	1	29.0	30.0	8.0	1.0	203	1	0
1676	35162.0	2.0	2.0	2.0	2	2	24.0	15.0	5.0	2.0	305	1	0
1682	35163.0	2.0	2.0	2.0	2	2	23.0	30.0	6.0	1.0	434	1	0
1683	35163.0	2.0	2.0	2.0	2	2	36.0	45.0	6.0	1.0	434	1	0
1685	35163.0	2.0	2.0	2.0	2	2	40.0	45.0	6.0	1.0	434	1	0
1700	35196.0	2.0	2.0	2.0	2	2	29.0	30.0	8.0	1.0	194	0	0
1701	35196.0	2.0	2.0	2.0	2	2	43.0	90.0	8.0	1.0	194	0	0
1722	35257.0	2.0	2.0	2.0	2	3	37.0	20.0	7.0	2.0	263	0	0
1725	35265.0	2.0	2.0	2.0	2	3	42.0	25.0	8.0	2.0	404	1	0
1734	35290.0	1.0	2.0	1.0	1	3	19.0	120.0	6.0	1.0	630	0	0
1735	35290.0	1.0	2.0	1.0	1	3	42.0	20.0	6.0	1.0	630	0	0
1736	35290.0	1.0	2.0	1.0	1	3	30.0	10.0	6.0	1.0	630	0	0
1738	35301.0	1.0	2.0	2.0	2	2	42.0	60.0	8.0	2.0	970	0	0
1740	35319.0	2.0	2.0	2.0	2	2	42.0	20.0	8.0	2.0	221	1	0
1748	35331.0	2.0	2.0	2.0	2	3	42.0	15.0	7.0	1.0	417	1	0
1753	35343.0	2.0	2.0	2.0	2	2	15.0	180.0	6.0	2.0	436	0	0
1766	35367.0	2.0	2.0	2.0	2	2	40.0	32.0	7.0	1.0	686	1	0
1776	35382.0	2.0	2.0	2.0	2	2	12.0	60.0	7.0	1.0	220	1	0
1778	35396.0	2.0	2.0	2.0	2	3	42.0	20.0	7.0	2.0	1000	0	0
1779	35396.0	2.0	2.0	2.0	2	3	40.0	30.0	7.0	2.0	1000	0	0
1782	35403.0	2.0	2.0	1.0	1	2	42.0	20.0	7.0	2.0	430	0	0
1783	35403.0	2.0	2.0	1.0	1	2	13.0	30.0	7.0	2.0	430	0	0
1799	35444.0	2.0	2.0	2.0	2	2	15.0	15.0	8.0	1.0	971	0	0
1800	35454.0	2.0	2.0	1.0	1	3	42.0	20.0	12.0	2.0	316	1	0
1816	35517.0	1.0	2.0	2.0	2	3	22.0	360.0	6.0	1.0	887	0	0
1817	35521.0	2.0	2.0	2.0	2	3	15.0	180.0	5.0	1.0	305	1	0
1832	35577.0	2.0	2.0	2.0	2	2	40.0	60.0	6.0	2.0	464	0	0
1833	35593.0	2.0	2.0	2.0	2	1	13.0	30.0	7.0	1.0	471	1	0
1834	35593.0	2.0	2.0	2.0	2	1	29.0	30.0	7.0	1.0	471	1	0
1876	35651.0	2.0	2.0	2.0	2	3	42.0	20.0	9.0	1.0	380	0	0
1878	35652.0	1.0	2.0	2.0	2	4	20.0	30.0	8.0	1.0	790	1	0
1882	35668.0	2.0	2.0	2.0	2	3	14.0	90.0	7.0	2.0	980	1	0
1893	35687.0	1.0	2.0	2.0	2	2	20.0	480.0	7.0	2.0	845	0	0
1894	35687.0	1.0	2.0	2.0	2	2	42.0	60.0	7.0	2.0	845	0	0
1897	35690.0	2.0	2.0	2.0	2	2	36.0	15.0	8.0	2.0	425	0	0
1898	35690.0	2.0	2.0	2.0	2	2	40.0	30.0	8.0	2.0	425	0	0
1899	35690.0	2.0	2.0	2.0	2	2	42.0	30.0	8.0	2.0	425	0	0
1910	35698.0	2.0	2.0	1.0	1	1	10.0	30.0	11.0	2.0	221	1	0
1911	35703.0	2.0	2.0	2.0	2	3	23.0	20.0	5.0	1.0	243	0	0
1912	35705.0	2.0	2.0	2.0	2	2	41.0	30.0	7.0	2.0	206	1	0
1913	35706.0	2.0	2.0	2.0	2	2	12.0	180.0	7.0	1.0	214	1	0
1914	35706.0	2.0	2.0	2.0	2	2	17.0	120.0	7.0	1.0	214	1	0
1916	35713.0	2.0	2.0	2.0	2	3	42.0	20.0	8.0	1.0	346	0	0
1918	35715.0	2.0	2.0	2.0	2	3	71.0	40.0	7.0	1.0	496	1	0
1924	35738.0	2.0	2.0	2.0	2	2	42.0	60.0	10.0	2.0	269	1	0
1925	35738.0	2.0	2.0	2.0	2	2	27.0	30.0	10.0	2.0	269	1	0
1927	35745.0	1.0	2.0	2.0	2	4	40.0	10.0	6.0	1.0	792	1	0
1928	35745.0	1.0	2.0	2.0	2	4	36.0	10.0	6.0	1.0	792	1	0
1933	35756.0	1.0	2.0	2.0	2	2	10.0	30.0	8.0	2.0	970	1	0
1934	35756.0	1.0	2.0	2.0	2	2	42.0	30.0	8.0	2.0	970	1	0
1935	35756.0	1.0	2.0	2.0	2	2	37.0	10.0	8.0	2.0	970	1	0
1943	35775.0	2.0	2.0	1.0	1	3	10.0	30.0	6.0	2.0	505	0	0
1944	35781.0	2.0	2.0	2.0	2	2	40.0	60.0	8.0	2.0	601	0	0
1967	35808.0	2.0	2.0	2.0	2	2	42.0	10.0	6.0	2.0	600	0	0
2001	35865.0	2.0	2.0	2.0	1	2	36.0	15.0	9.0	1.0	473	1	0
2009	35881.0	2.0	2.0	2.0	2	2	13.0	30.0	8.0	2.0	297	0	0
2011	35902.0	1.0	2.0	2.0	2	2	42.0	20.0	5.0	2.0	611	0	0
2017	35919.0	2.0	2.0	2.0	2	2	36.0	240.0	7.0	1.0	369	1	0
2018	35919.0	2.0	2.0	2.0	2	2	42.0	480.0	7.0	1.0	369	1	0
2019	35920.0	2.0	2.0	2.0	2	3	42.0	60.0	8.0	2.0	193	0	0
2020	35920.0	2.0	2.0	2.0	2	3	43.0	30.0	8.0	2.0	193	0	0
2021	35923.0	2.0	2.0	2.0	1	3	39.0	120.0	7.0	2.0	227	1	0
2022	35923.0	2.0	2.0	2.0	1	3	42.0	15.0	7.0	2.0	227	1	0
2028	35938.0	2.0	2.0	2.0	2	2	14.0	120.0	10.0	2.0	239	1	0
2040	35987.0	2.0	2.0	2.0	2	2	12.0	30.0	7.0	1.0	194	1	0
2041	35987.0	2.0	2.0	2.0	2	2	38.0	30.0	7.0	1.0	194	1	0
2042	35987.0	2.0	2.0	2.0	2	2	42.0	120.0	7.0	1.0	194	1	0
2044	36005.0	2.0	2.0	2.0	2	3	29.0	40.0	10.0	1.0	240	1	0
2046	36005.0	2.0	2.0	2.0	2	3	39.0	120.0	10.0	1.0	240	1	0
2049	36006.0	2.0	2.0	2.0	2	2	13.0	40.0	9.0	2.0	311	1	0
2050	36006.0	2.0	2.0	2.0	2	2	42.0	30.0	9.0	2.0	311	1	0
2052	36007.0	2.0	2.0	2.0	1	1	42.0	30.0	7.0	2.0	548	1	0
2055	36011.0	2.0	2.0	2.0	2	1	28.0	60.0	6.0	2.0	526	0	0
2058	36020.0	2.0	2.0	2.0	2	2	42.0	30.0	8.0	2.0	984	1	0
2068	36031.0	2.0	2.0	2.0	2	2	15.0	120.0	10.0	2.0	335	0	0
2069	36031.0	2.0	2.0	2.0	2	2	37.0	10.0	10.0	2.0	335	0	0
2070	36031.0	2.0	2.0	2.0	2	2	42.0	60.0	10.0	2.0	335	0	0
2071	36031.0	2.0	2.0	2.0	2	2	12.0	60.0	10.0	2.0	335	0	0
2093	36056.0	2.0	2.0	2.0	2	3	34.0	240.0	8.0	1.0	311	0	0
2097	36073.0	2.0	2.0	2.0	2	2	12.0	30.0	6.0	1.0	234	1	0
2100	36076.0	2.0	2.0	2.0	2	2	10.0	60.0	7.0	2.0	445	0	0
2101	36076.0	2.0	2.0	2.0	2	2	37.0	10.0	7.0	2.0	445	0	0
2106	36076.0	2.0	2.0	2.0	2	2	23.0	20.0	7.0	2.0	445	0	0
2111	36093.0	2.0	2.0	2.0	2	2	12.0	120.0	7.0	1.0	378	1	0
2113	36095.0	2.0	2.0	2.0	2	3	20.0	60.0	8.0	2.0	289	1	0
2114	36095.0	2.0	2.0	2.0	2	3	43.0	45.0	8.0	2.0	289	1	0
2115	36095.0	2.0	2.0	2.0	2	3	13.0	20.0	8.0	2.0	289	1	0
2116	36095.0	2.0	2.0	2.0	2	3	40.0	20.0	8.0	2.0	289	1	0
2125	36125.0	2.0	2.0	2.0	1	1	42.0	30.0	8.0	2.0	367	1	0
2135	36140.0	1.0	2.0	2.0	2	2	42.0	45.0	5.0	1.0	734	1	0
2137	36148.0	2.0	2.0	1.0	1	2	54.0	15.0	6.0	1.0	533	1	0
2138	36164.0	2.0	2.0	2.0	2	2	40.0	30.0	8.0	1.0	559	0	0
2139	36164.0	2.0	2.0	2.0	2	2	43.0	30.0	8.0	1.0	559	0	0
2140	36164.0	2.0	2.0	2.0	2	2	13.0	60.0	8.0	1.0	559	0	0
2141	36164.0	2.0	2.0	2.0	2	2	20.0	30.0	8.0	1.0	559	0	0
2147	36186.0	2.0	2.0	2.0	2	1	23.0	180.0	8.0	1.0	264	1	0
2148	36186.0	2.0	2.0	2.0	2	1	13.0	180.0	8.0	1.0	264	1	0
2149	36186.0	2.0	2.0	2.0	2	1	20.0	180.0	8.0	1.0	264	1	0
2153	36199.0	2.0	2.0	2.0	2	1	10.0	10.0	6.0	1.0	224	1	0
2155	36200.0	2.0	2.0	2.0	2	2	14.0	180.0	8.0	1.0	393	0	0
2156	36202.0	2.0	2.0	2.0	1	2	10.0	40.0	8.0	2.0	232	1	0
2165	36241.0	2.0	2.0	1.0	2	2	42.0	60.0	8.0	2.0	292	0	0
2174	36267.0	2.0	2.0	2.0	2	1	12.0	120.0	7.0	2.0	241	1	0
2184	36294.0	2.0	2.0	2.0	2	2	11.0	60.0	7.0	1.0	543	0	0
2185	36294.0	2.0	2.0	2.0	2	2	40.0	20.0	7.0	1.0	543	0	0
2186	36301.0	2.0	2.0	2.0	2	2	38.0	60.0	7.0	2.0	264	1	0
2187	36301.0	2.0	2.0	2.0	2	2	15.0	15.0	7.0	2.0	264	1	0
2197	36321.0	2.0	2.0	2.0	2	2	55.0	60.0	8.0	2.0	264	0	0
2210	36323.0	2.0	2.0	2.0	2	4	42.0	30.0	7.0	2.0	603	1	0
2226	36379.0	2.0	2.0	2.0	2	2	43.0	20.0	7.0	2.0	700	1	0
2233	36407.0	1.0	2.0	1.0	1	2	42.0	25.0	10.0	1.0	962	0	0
2234	36418.0	2.0	2.0	2.0	2	2	17.0	30.0	7.0	1.0	283	0	0
2244	36436.0	2.0	2.0	2.0	2	2	37.0	10.0	5.0	2.0	590	0	0
2248	36454.0	2.0	2.0	2.0	2	1	16.0	120.0	6.0	2.0	298	0	0
2251	36466.0	2.0	2.0	2.0	2	2	42.0	20.0	9.0	2.0	263	1	0
2252	36466.0	2.0	2.0	2.0	2	2	38.0	20.0	9.0	2.0	263	1	0
2261	36496.0	2.0	2.0	2.0	2	2	42.0	480.0	7.0	2.0	383	0	0
2262	36496.0	2.0	2.0	2.0	2	2	14.0	90.0	7.0	2.0	383	0	0
2263	36496.0	2.0	2.0	2.0	2	2	36.0	10.0	7.0	2.0	383	0	0
2266	36504.0	2.0	2.0	2.0	2	1	15.0	30.0	8.0	2.0	227	1	0
2268	36517.0	2.0	2.0	2.0	2	2	40.0	14.0	8.0	2.0	314	1	0
2269	36517.0	2.0	2.0	2.0	2	2	10.0	30.0	8.0	2.0	314	1	0
2271	36519.0	2.0	2.0	1.0	1	1	37.0	25.0	6.0	2.0	809	0	0
2273	36519.0	2.0	2.0	1.0	1	1	43.0	10.0	6.0	2.0	809	0	0
2274	36520.0	2.0	2.0	2.0	2	2	35.0	120.0	8.0	1.0	397	1	0
2288	36532.0	2.0	2.0	2.0	2	2	10.0	45.0	10.0	2.0	320	1	0
2290	36534.0	2.0	2.0	2.0	1	2	10.0	60.0	8.0	2.0	546	0	0
2293	36538.0	2.0	2.0	2.0	2	2	23.0	30.0	8.0	2.0	521	0	0
2294	36538.0	2.0	2.0	2.0	2	2	42.0	90.0	8.0	2.0	521	0	0
2295	36550.0	1.0	2.0	2.0	2	1	43.0	20.0	7.0	2.0	305	1	0
2300	36560.0	2.0	2.0	2.0	1	2	56.0	60.0	6.0	2.0	224	0	0
2301	36569.0	2.0	1.0	2.0	2	2	15.0	10.0	9.0	2.0	990	1	0
2308	36575.0	1.0	2.0	2.0	2	1	13.0	50.0	8.0	1.0	425	1	0
2326	36604.0	1.0	2.0	1.0	1	1	10.0	60.0	8.0	2.0	235	0	0
2327	36627.0	2.0	2.0	2.0	2	2	42.0	30.0	8.0	2.0	354	0	0
2340	36645.0	1.0	2.0	1.0	1	2	42.0	35.0	7.0	2.0	701	0	0
2352	36678.0	2.0	2.0	2.0	2	1	41.0	90.0	6.0	1.0	299	0	0
2355	36694.0	2.0	2.0	1.0	1	2	13.0	60.0	6.0	2.0	388	0	0
2357	36694.0	2.0	2.0	1.0	1	2	20.0	180.0	6.0	2.0	388	0	0
2358	36694.0	2.0	2.0	1.0	1	2	38.0	70.0	6.0	2.0	388	0	0
2360	36698.0	2.0	2.0	2.0	2	2	10.0	90.0	5.0	1.0	332	0	0
2365	36714.0	2.0	2.0	2.0	2	2	12.0	120.0	5.0	1.0	521	1	0
2371	36730.0	2.0	2.0	2.0	2	2	10.0	45.0	7.0	2.0	221	0	0
2372	36745.0	2.0	2.0	2.0	2	2	38.0	30.0	10.0	2.0	214	1	0
2373	36745.0	2.0	2.0	2.0	2	2	38.0	30.0	10.0	2.0	214	1	0
2374	36745.0	2.0	2.0	2.0	2	2	42.0	60.0	10.0	2.0	214	1	0
2376	36749.0	1.0	2.0	1.0	1	2	13.0	30.0	8.0	2.0	602	0	0
2377	36749.0	1.0	2.0	1.0	1	2	42.0	25.0	8.0	2.0	602	0	0
2378	36752.0	2.0	2.0	2.0	2	1	42.0	30.0	7.0	2.0	390	1	0
2396	36765.0	2.0	2.0	2.0	1	2	40.0	30.0	6.0	2.0	871	0	0
2401	36828.0	2.0	2.0	1.0	2	1	36.0	10.0	8.0	2.0	211	1	0
2402	36828.0	2.0	2.0	1.0	2	1	42.0	15.0	8.0	2.0	211	1	0
2422	36891.0	2.0	2.0	2.0	2	2	15.0	20.0	8.0	1.0	369	1	0
2429	36899.0	1.0	2.0	2.0	2	2	39.0	120.0	7.0	2.0	440	1	0
2430	36899.0	1.0	2.0	2.0	2	2	42.0	20.0	7.0	2.0	440	1	0
2431	36902.0	2.0	2.0	2.0	2	3	35.0	90.0	10.0	1.0	217	0	0
2432	36902.0	2.0	2.0	2.0	2	3	38.0	30.0	10.0	1.0	217	0	0
2435	36902.0	2.0	2.0	2.0	2	3	54.0	10.0	10.0	1.0	217	0	0
2443	36923.0	1.0	3.0	1.0	1	1	42.0	15.0	12.0	1.0	993	0	0
2485	37002.0	1.0	2.0	2.0	2	4	42.0	600.0	4.0	1.0	281	1	0
2493	37038.0	2.0	2.0	2.0	2	3	13.0	30.0	6.0	1.0	594	1	0
2494	37049.0	2.0	2.0	2.0	2	2	15.0	10.0	6.0	2.0	851	0	0
2510	37135.0	2.0	2.0	2.0	2	2	36.0	30.0	7.0	1.0	566	1	0
2511	37135.0	2.0	2.0	2.0	2	2	39.0	120.0	7.0	1.0	566	1	0
2512	37135.0	2.0	2.0	2.0	2	2	23.0	35.0	7.0	1.0	566	1	0
2514	37148.0	2.0	2.0	2.0	2	1	10.0	60.0	8.0	1.0	1012	1	0
2525	37154.0	2.0	1.0	2.0	2	2	42.0	20.0	7.0	2.0	1004	0	0
2526	37154.0	2.0	1.0	2.0	2	2	13.0	15.0	7.0	2.0	1004	0	0
2527	37154.0	2.0	1.0	2.0	2	2	40.0	15.0	7.0	2.0	1004	0	0
2543	37179.0	2.0	2.0	2.0	2	3	42.0	60.0	7.0	1.0	975	0	0
2546	37196.0	1.0	2.0	2.0	2	1	42.0	45.0	7.0	2.0	605	1	0
2550	37233.0	2.0	2.0	2.0	2	2	15.0	30.0	7.0	2.0	332	1	0
2568	37250.0	2.0	2.0	2.0	1	2	42.0	60.0	7.0	2.0	402	1	0
2569	37250.0	2.0	2.0	2.0	1	2	10.0	45.0	7.0	2.0	402	1	0
2570	37250.0	2.0	2.0	2.0	1	2	15.0	120.0	7.0	2.0	402	1	0
2571	37252.0	2.0	2.0	2.0	2	2	16.0	300.0	8.0	1.0	937	0	0
2576	37257.0	2.0	2.0	2.0	2	4	51.0	30.0	6.0	1.0	354	0	0
2589	37286.0	2.0	2.0	2.0	1	2	13.0	30.0	7.0	1.0	528	0	0
2590	37286.0	2.0	2.0	2.0	1	2	29.0	15.0	7.0	1.0	528	0	0
2591	37286.0	2.0	2.0	2.0	1	2	34.0	30.0	7.0	1.0	528	0	0
2592	37289.0	1.0	2.0	2.0	2	2	20.0	120.0	8.0	1.0	345	0	0
2593	37289.0	1.0	2.0	2.0	2	2	71.0	180.0	8.0	1.0	345	0	0
2594	37292.0	2.0	2.0	2.0	2	2	10.0	45.0	8.0	2.0	209	1	0
2595	37295.0	2.0	2.0	2.0	1	2	12.0	30.0	7.0	1.0	271	1	0
2596	37295.0	2.0	2.0	2.0	1	2	34.0	10.0	7.0	1.0	271	1	0
2604	37324.0	1.0	2.0	1.0	1	1	10.0	20.0	6.0	2.0	955	0	0
2606	37336.0	2.0	2.0	2.0	2	2	42.0	10.0	6.0	2.0	412	0	0
2607	37342.0	2.0	2.0	1.0	1	3	23.0	30.0	6.0	2.0	289	0	0
2612	37355.0	1.0	2.0	1.0	1	1	42.0	45.0	7.0	1.0	579	0	0
2619	37395.0	2.0	2.0	2.0	2	4	29.0	30.0	5.0	1.0	273	1	0
2620	37395.0	2.0	2.0	2.0	2	4	15.0	30.0	5.0	1.0	273	1	0
2621	37395.0	2.0	2.0	2.0	2	4	50.0	10.0	5.0	1.0	273	1	0
2622	37395.0	2.0	2.0	2.0	2	4	54.0	30.0	5.0	1.0	273	1	0
2624	37405.0	2.0	2.0	2.0	1	1	34.0	60.0	8.0	2.0	223	1	0
2625	37405.0	2.0	2.0	2.0	1	1	34.0	60.0	8.0	2.0	223	1	0
2635	37437.0	2.0	2.0	2.0	2	2	17.0	60.0	7.0	1.0	220	1	0
2640	37454.0	1.0	2.0	2.0	2	4	42.0	120.0	6.0	1.0	508	1	0
2653	37468.0	2.0	2.0	2.0	2	1	15.0	20.0	6.0	2.0	206	1	0
2654	37468.0	2.0	2.0	2.0	2	1	12.0	60.0	6.0	2.0	206	1	0
2660	37478.0	2.0	2.0	2.0	2	2	10.0	25.0	6.0	1.0	793	1	0
2677	37513.0	1.0	2.0	2.0	2	3	15.0	10.0	6.0	2.0	592	1	0
2681	37525.0	2.0	2.0	2.0	2	2	42.0	45.0	6.0	2.0	304	0	0
2687	37540.0	2.0	2.0	2.0	2	4	13.0	45.0	7.0	2.0	850	1	0
2698	37561.0	2.0	2.0	2.0	2	3	42.0	60.0	7.0	2.0	415	1	0
2700	37576.0	2.0	2.0	2.0	2	2	42.0	30.0	7.0	2.0	424	0	0
2750	37671.0	2.0	2.0	2.0	2	2	39.0	120.0	6.0	2.0	561	0	0
2753	37688.0	2.0	2.0	2.0	2	1	17.0	180.0	8.0	1.0	288	0	0
2754	37688.0	2.0	2.0	2.0	2	1	43.0	60.0	8.0	1.0	288	0	0
2756	37688.0	2.0	2.0	2.0	2	1	35.0	60.0	8.0	1.0	288	0	0
2757	37688.0	2.0	2.0	2.0	2	1	41.0	180.0	8.0	1.0	288	0	0
2775	37732.0	2.0	2.0	2.0	2	2	13.0	20.0	6.0	1.0	347	0	0
2776	37732.0	2.0	2.0	2.0	2	2	13.0	20.0	6.0	1.0	347	0	0
2777	37741.0	1.0	1.0	1.0	1	2	15.0	120.0	6.0	2.0	653	0	0
2778	37745.0	2.0	2.0	2.0	2	1	12.0	45.0	10.0	1.0	197	1	0
2779	37745.0	2.0	2.0	2.0	2	1	42.0	30.0	10.0	1.0	197	1	0
2784	37755.0	2.0	2.0	2.0	1	2	15.0	120.0	7.0	2.0	693	0	0
2787	37760.0	1.0	2.0	2.0	2	2	42.0	30.0	8.0	1.0	996	0	0
2788	37760.0	1.0	2.0	2.0	2	2	40.0	30.0	8.0	1.0	996	0	0
2791	37761.0	2.0	2.0	2.0	2	2	17.0	120.0	7.0	1.0	193	0	0
2822	37794.0	2.0	2.0	2.0	2	2	12.0	120.0	10.0	1.0	219	1	0
2826	37816.0	2.0	2.0	2.0	2	3	42.0	20.0	8.0	1.0	371	1	0
2832	37825.0	2.0	2.0	1.0	1	3	40.0	30.0	5.0	1.0	891	1	0
2850	37848.0	2.0	2.0	2.0	2	1	10.0	45.0	6.0	2.0	692	1	0
2861	37875.0	2.0	2.0	2.0	2	2	42.0	30.0	9.0	2.0	498	0	0
2880	37929.0	1.0	2.0	1.0	1	2	13.0	20.0	10.0	1.0	941	1	0
2881	37932.0	2.0	2.0	2.0	1	3	42.0	480.0	7.0	1.0	262	0	0
2891	37973.0	1.0	2.0	2.0	1	2	42.0	15.0	6.0	2.0	363	0	0
2900	37996.0	1.0	2.0	1.0	1	4	42.0	60.0	7.0	2.0	551	0	0
2901	38008.0	2.0	2.0	2.0	2	2	34.0	90.0	5.0	1.0	259	1	0
2902	38008.0	2.0	2.0	2.0	2	2	12.0	90.0	5.0	1.0	259	1	0
2905	38017.0	2.0	2.0	2.0	2	2	42.0	15.0	7.0	1.0	583	1	0
2913	38038.0	2.0	2.0	2.0	2	2	12.0	120.0	8.0	1.0	415	0	0
2914	38052.0	2.0	2.0	2.0	2	2	12.0	180.0	9.0	1.0	198	0	0
2915	38054.0	2.0	2.0	2.0	2	1	42.0	60.0	8.0	2.0	310	0	0
2918	38055.0	2.0	2.0	2.0	2	4	16.0	240.0	7.0	1.0	668	0	0
2930	38075.0	2.0	2.0	2.0	2	2	24.0	45.0	5.0	1.0	455	0	0
2935	38079.0	2.0	2.0	2.0	2	3	33.0	360.0	8.0	2.0	489	0	0
2937	38089.0	2.0	2.0	2.0	1	2	42.0	40.0	9.0	2.0	442	0	0
2948	38140.0	2.0	2.0	2.0	2	2	43.0	30.0	6.0	1.0	536	1	0
2977	38173.0	2.0	2.0	1.0	1	3	34.0	45.0	7.0	2.0	198	0	0
2988	38188.0	2.0	2.0	2.0	2	1	29.0	45.0	7.0	2.0	298	1	0
2989	38188.0	2.0	2.0	2.0	2	1	13.0	30.0	7.0	2.0	298	1	0
2990	38188.0	2.0	2.0	2.0	2	1	15.0	15.0	7.0	2.0	298	1	0
3003	38214.0	1.0	2.0	1.0	1	2	19.0	300.0	5.0	1.0	598	0	0
3009	38235.0	1.0	2.0	2.0	2	2	38.0	120.0	7.0	1.0	666	0	0
3017	38271.0	1.0	2.0	2.0	2	1	50.0	60.0	7.0	2.0	382	0	0
3020	38274.0	2.0	2.0	2.0	2	3	15.0	90.0	7.0	2.0	342	0	0
3031	38293.0	2.0	2.0	2.0	2	2	11.0	180.0	8.0	1.0	200	1	0
3032	38293.0	2.0	2.0	2.0	2	2	23.0	15.0	8.0	1.0	200	1	0
3033	38293.0	2.0	2.0	2.0	2	2	29.0	15.0	8.0	1.0	200	1	0
3034	38293.0	2.0	2.0	2.0	2	2	34.0	90.0	8.0	1.0	200	1	0
3035	38293.0	2.0	2.0	2.0	2	2	43.0	25.0	8.0	1.0	200	1	0
3036	38293.0	2.0	2.0	2.0	2	2	12.0	120.0	8.0	1.0	200	1	0
3037	38295.0	2.0	2.0	2.0	2	2	53.0	60.0	8.0	1.0	410	0	0
3039	38295.0	2.0	2.0	2.0	2	2	38.0	120.0	8.0	1.0	410	0	0
3044	38336.0	1.0	2.0	2.0	2	3	16.0	120.0	6.0	1.0	305	1	0
3058	38376.0	2.0	2.0	1.0	1	3	12.0	90.0	7.0	1.0	202	1	0
3065	38382.0	2.0	2.0	2.0	2	4	34.0	60.0	8.0	1.0	234	1	0
3066	38394.0	2.0	2.0	2.0	2	2	42.0	20.0	6.0	1.0	572	1	0
3067	38401.0	2.0	2.0	2.0	2	4	50.0	30.0	7.0	1.0	236	0	0
3077	38429.0	2.0	2.0	2.0	2	1	44.0	120.0	7.0	1.0	252	0	0
3083	38442.0	2.0	2.0	2.0	2	1	42.0	30.0	8.0	2.0	311	1	0
3101	38461.0	2.0	2.0	2.0	2	2	40.0	30.0	8.0	2.0	361	1	0
3136	38502.0	2.0	2.0	2.0	2	3	36.0	30.0	7.0	2.0	229	1	0
3137	38502.0	2.0	2.0	2.0	2	3	42.0	30.0	7.0	2.0	229	1	0
3149	38518.0	2.0	2.0	2.0	2	2	23.0	40.0	7.0	1.0	287	1	0
3150	38518.0	2.0	2.0	2.0	2	2	19.0	180.0	7.0	1.0	287	1	0
3152	38518.0	2.0	2.0	2.0	2	2	29.0	20.0	7.0	1.0	287	1	0
3153	38522.0	9.0	2.0	1.0	1	2	40.0	60.0	4.0	2.0	260	1	0
3170	38525.0	2.0	2.0	2.0	2	4	12.0	180.0	6.0	1.0	485	1	0
3172	38532.0	2.0	2.0	2.0	2	1	10.0	30.0	6.0	1.0	259	0	0
3179	38544.0	2.0	2.0	1.0	1	2	10.0	30.0	8.0	2.0	399	1	0
3183	38554.0	2.0	2.0	2.0	2	1	39.0	120.0	7.0	1.0	334	1	0
3184	38554.0	2.0	2.0	2.0	2	1	33.0	20.0	7.0	1.0	334	1	0
3185	38561.0	2.0	2.0	2.0	2	2	42.0	45.0	8.0	2.0	237	1	0
3194	38575.0	2.0	2.0	1.0	1	3	35.0	15.0	6.0	1.0	794	0	0
3202	38588.0	2.0	2.0	2.0	2	2	13.0	45.0	8.0	2.0	735	0	0
3203	38588.0	2.0	2.0	2.0	2	2	38.0	45.0	8.0	2.0	735	0	0
3207	38606.0	2.0	2.0	2.0	2	2	42.0	45.0	9.0	1.0	928	1	0
3227	38675.0	1.0	2.0	2.0	2	3	42.0	25.0	8.0	2.0	887	0	0
3229	38694.0	2.0	2.0	2.0	1	2	42.0	45.0	6.0	2.0	344	0	0
3234	38706.0	2.0	2.0	2.0	2	3	42.0	120.0	9.0	2.0	214	0	0
3246	38719.0	2.0	2.0	2.0	2	1	43.0	50.0	9.0	2.0	229	1	0
3256	38745.0	1.0	2.0	2.0	2	3	36.0	45.0	6.0	1.0	751	0	0
3262	38758.0	2.0	2.0	2.0	2	2	43.0	60.0	6.0	1.0	586	1	0
3263	38758.0	2.0	2.0	2.0	2	2	36.0	23.0	6.0	1.0	586	1	0
3264	38758.0	2.0	2.0	2.0	2	2	13.0	13.0	6.0	1.0	586	1	0
3271	38768.0	2.0	2.0	2.0	2	2	17.0	300.0	8.0	1.0	212	1	0
3274	38775.0	2.0	2.0	2.0	1	2	13.0	15.0	6.0	1.0	571	1	0
3275	38775.0	2.0	2.0	2.0	1	2	10.0	30.0	6.0	1.0	571	1	0
3278	38779.0	2.0	2.0	2.0	2	2	29.0	20.0	7.0	1.0	384	1	0
3279	38779.0	2.0	2.0	2.0	2	2	20.0	30.0	7.0	1.0	384	1	0
3280	38779.0	2.0	2.0	2.0	2	2	13.0	60.0	7.0	1.0	384	1	0
3298	38797.0	1.0	2.0	2.0	1	3	22.0	600.0	6.0	1.0	548	1	0
3307	38803.0	2.0	2.0	2.0	2	2	43.0	60.0	6.0	1.0	568	0	0
3315	38826.0	2.0	2.0	2.0	2	3	42.0	30.0	8.0	1.0	987	1	0
3320	38841.0	2.0	2.0	2.0	1	3	38.0	30.0	7.0	2.0	234	0	0
3322	38842.0	2.0	2.0	2.0	2	2	29.0	10.0	6.0	1.0	219	1	0
3323	38842.0	2.0	2.0	2.0	2	2	10.0	25.0	6.0	1.0	219	1	0
3339	38850.0	2.0	2.0	2.0	2	2	42.0	30.0	7.0	2.0	735	0	0
3343	38854.0	2.0	2.0	2.0	2	2	20.0	45.0	5.0	1.0	777	1	0
3344	38857.0	2.0	2.0	2.0	2	3	15.0	120.0	6.0	2.0	288	0	0
3354	38867.0	2.0	2.0	2.0	2	3	38.0	30.0	9.0	2.0	464	1	0
3355	38867.0	2.0	2.0	2.0	2	3	13.0	60.0	9.0	2.0	464	1	0
3356	38867.0	2.0	2.0	2.0	2	3	42.0	60.0	9.0	2.0	464	1	0
3364	38900.0	2.0	2.0	2.0	2	2	42.0	45.0	6.0	1.0	988	0	0
3367	38905.0	1.0	2.0	2.0	2	2	42.0	45.0	6.0	2.0	456	0	0
3369	38914.0	2.0	2.0	2.0	1	2	12.0	15.0	7.0	2.0	503	0	0
3370	38914.0	2.0	2.0	2.0	1	2	37.0	10.0	7.0	2.0	503	0	0
3371	38914.0	2.0	2.0	2.0	1	2	10.0	30.0	7.0	2.0	503	0	0
3374	38920.0	2.0	2.0	2.0	2	2	10.0	45.0	6.0	2.0	488	1	0
3375	38920.0	2.0	2.0	2.0	2	2	10.0	45.0	6.0	2.0	488	1	0
3388	38963.0	2.0	2.0	2.0	2	3	20.0	120.0	7.0	2.0	354	1	0
3391	38977.0	2.0	2.0	2.0	2	1	24.0	30.0	5.0	2.0	344	0	0
3396	38982.0	1.0	2.0	2.0	2	2	19.0	300.0	6.0	1.0	547	1	0
3397	38991.0	2.0	2.0	2.0	2	2	42.0	30.0	7.0	2.0	714	0	0
3402	38995.0	2.0	2.0	2.0	2	3	42.0	15.0	8.0	2.0	592	0	0
3407	38997.0	2.0	2.0	2.0	2	3	12.0	60.0	8.0	2.0	212	1	0
3417	39010.0	2.0	2.0	2.0	2	2	40.0	30.0	8.0	2.0	426	0	0
3431	39056.0	2.0	2.0	2.0	2	3	12.0	120.0	4.0	2.0	214	1	0
3432	39056.0	2.0	2.0	2.0	2	3	29.0	30.0	4.0	2.0	214	1	0
3446	39080.0	2.0	2.0	2.0	2	1	43.0	20.0	6.0	2.0	843	0	0
3447	39080.0	2.0	2.0	2.0	2	1	10.0	60.0	6.0	2.0	843	0	0
3470	39122.0	2.0	2.0	2.0	2	1	43.0	60.0	7.0	1.0	194	1	0
3478	39124.0	2.0	2.0	2.0	2	2	40.0	15.0	7.0	2.0	699	1	0
3496	39154.0	1.0	2.0	2.0	1	2	10.0	20.0	8.0	2.0	610	0	0
3508	39195.0	2.0	2.0	2.0	2	3	17.0	60.0	5.0	1.0	305	0	0
3509	39195.0	2.0	2.0	2.0	2	3	54.0	30.0	5.0	1.0	305	0	0
3511	39195.0	2.0	2.0	2.0	2	3	14.0	180.0	5.0	1.0	305	0	0
3519	39226.0	1.0	2.0	2.0	2	2	71.0	60.0	7.0	1.0	952	1	0
3521	39230.0	1.0	2.0	2.0	2	2	42.0	30.0	7.0	2.0	565	0	0
3523	39233.0	2.0	2.0	1.0	1	2	23.0	10.0	8.0	1.0	233	0	0
3530	39251.0	1.0	2.0	2.0	2	3	10.0	30.0	8.0	2.0	809	0	0
3531	39251.0	1.0	2.0	2.0	2	3	42.0	30.0	8.0	2.0	809	0	0
3532	39259.0	2.0	2.0	2.0	2	2	42.0	20.0	6.0	1.0	379	1	0
3555	39301.0	2.0	2.0	2.0	2	2	10.0	60.0	5.0	2.0	230	1	0
3556	39301.0	2.0	2.0	2.0	2	2	55.0	30.0	5.0	2.0	230	1	0
3574	39345.0	2.0	2.0	2.0	2	2	40.0	45.0	7.0	2.0	220	0	0
3577	39347.0	1.0	2.0	2.0	1	2	29.0	10.0	9.0	1.0	251	1	0
3578	39347.0	1.0	2.0	2.0	1	2	20.0	240.0	9.0	1.0	251	1	0
3580	39351.0	2.0	2.0	2.0	2	2	22.0	120.0	6.0	1.0	284	1	0
3582	39351.0	2.0	2.0	2.0	2	2	16.0	360.0	6.0	1.0	284	1	0
3586	39353.0	2.0	2.0	2.0	2	2	15.0	60.0	7.0	2.0	508	0	0
3597	39360.0	2.0	2.0	2.0	2	1	12.0	20.0	9.0	2.0	195	1	0
3599	39365.0	2.0	2.0	2.0	2	4	34.0	120.0	7.0	1.0	437	1	0
3624	39421.0	2.0	2.0	2.0	2	2	42.0	30.0	8.0	2.0	228	1	0
3625	39426.0	2.0	2.0	2.0	2	1	42.0	30.0	6.0	2.0	491	0	0
3634	39428.0	2.0	2.0	2.0	2	3	50.0	180.0	9.0	1.0	286	0	0
3637	39432.0	2.0	2.0	2.0	1	3	36.0	10.0	7.0	1.0	596	1	0
3638	39432.0	2.0	2.0	2.0	1	3	38.0	15.0	7.0	1.0	596	1	0
3643	39436.0	2.0	2.0	2.0	2	2	38.0	75.0	7.0	1.0	582	1	0
3646	39452.0	1.0	2.0	2.0	2	3	16.0	600.0	4.0	1.0	437	0	0
3648	39472.0	2.0	2.0	2.0	2	2	10.0	60.0	8.0	2.0	224	0	0
3653	39498.0	2.0	2.0	2.0	2	2	29.0	30.0	8.0	1.0	236	1	0
3654	39498.0	2.0	2.0	2.0	2	2	12.0	240.0	8.0	1.0	236	1	0
3660	39505.0	1.0	2.0	2.0	2	3	19.0	240.0	8.0	2.0	891	0	0
3687	39588.0	1.0	2.0	2.0	2	2	40.0	20.0	8.0	1.0	739	0	0
3688	39588.0	1.0	2.0	2.0	2	2	15.0	120.0	8.0	1.0	739	0	0
3689	39588.0	1.0	2.0	2.0	2	2	13.0	10.0	8.0	1.0	739	0	0
3713	39665.0	1.0	2.0	1.0	2	1	23.0	30.0	8.0	2.0	374	0	0
3714	39665.0	1.0	2.0	1.0	2	1	13.0	60.0	8.0	2.0	374	0	0
3729	39691.0	2.0	2.0	2.0	2	2	37.0	20.0	6.0	2.0	196	1	0
3730	39691.0	2.0	2.0	2.0	2	2	29.0	10.0	6.0	2.0	196	1	0
3746	39770.0	2.0	2.0	2.0	1	2	43.0	45.0	5.0	1.0	344	1	0
3748	39786.0	2.0	2.0	2.0	2	2	42.0	30.0	7.0	2.0	422	1	0
3749	39786.0	2.0	2.0	2.0	2	2	13.0	10.0	7.0	2.0	422	1	0
3750	39787.0	2.0	2.0	2.0	2	2	42.0	60.0	6.0	2.0	458	0	0
3755	39794.0	2.0	2.0	2.0	1	2	40.0	60.0	12.0	1.0	267	0	0
3756	39799.0	2.0	2.0	2.0	2	2	43.0	30.0	6.0	1.0	600	1	0
3757	39799.0	2.0	2.0	2.0	2	2	37.0	10.0	6.0	1.0	600	1	0
3758	39799.0	2.0	2.0	2.0	2	2	42.0	15.0	6.0	1.0	600	1	0
3759	39802.0	2.0	2.0	2.0	2	2	42.0	15.0	8.0	2.0	543	1	0
3761	39808.0	2.0	2.0	2.0	2	2	13.0	30.0	7.0	2.0	407	1	0
3763	39812.0	2.0	2.0	2.0	2	2	10.0	60.0	8.0	2.0	226	1	0
3764	39812.0	2.0	2.0	2.0	2	2	15.0	20.0	8.0	2.0	226	1	0
3769	39831.0	1.0	2.0	2.0	2	2	42.0	90.0	5.0	1.0	795	0	0
3770	39831.0	1.0	2.0	2.0	2	2	16.0	60.0	5.0	1.0	795	0	0
3771	39831.0	1.0	2.0	2.0	2	2	40.0	20.0	5.0	1.0	795	0	0
3772	39831.0	1.0	2.0	2.0	2	2	43.0	30.0	5.0	1.0	795	0	0
3776	39845.0	2.0	2.0	2.0	2	2	42.0	30.0	7.0	2.0	297	0	0
3779	39845.0	2.0	2.0	2.0	2	2	34.0	30.0	7.0	2.0	297	0	0
3789	39869.0	2.0	2.0	2.0	2	3	43.0	30.0	9.0	2.0	584	1	0
3790	39869.0	2.0	2.0	2.0	2	3	40.0	35.0	9.0	2.0	584	1	0
3798	39883.0	2.0	2.0	2.0	2	4	42.0	10.0	6.0	2.0	354	1	0
3799	39883.0	2.0	2.0	2.0	2	4	22.0	180.0	6.0	2.0	354	1	0
3800	39883.0	2.0	2.0	2.0	2	4	20.0	120.0	6.0	2.0	354	1	0
3801	39884.0	2.0	2.0	2.0	2	3	13.0	15.0	8.0	2.0	568	0	0
3812	39914.0	2.0	2.0	2.0	2	4	55.0	15.0	7.0	2.0	568	0	0
3828	39960.0	2.0	2.0	2.0	2	2	10.0	30.0	7.0	2.0	317	0	0
3829	39960.0	2.0	2.0	2.0	2	2	13.0	20.0	7.0	2.0	317	0	0
3833	39972.0	2.0	2.0	2.0	2	2	42.0	15.0	5.0	1.0	727	0	0
3834	39972.0	2.0	2.0	2.0	2	2	36.0	15.0	5.0	1.0	727	0	0
3835	39972.0	2.0	2.0	2.0	2	2	10.0	45.0	5.0	1.0	727	0	0
3841	39978.0	2.0	2.0	2.0	2	2	38.0	20.0	6.0	1.0	580	0	0
3844	39987.0	2.0	2.0	2.0	2	1	15.0	120.0	8.0	2.0	226	0	0
3846	39989.0	2.0	2.0	2.0	1	1	42.0	120.0	5.0	2.0	533	0	0
3853	40000.0	2.0	2.0	1.0	1	3	13.0	20.0	10.0	1.0	257	1	0
3860	40011.0	2.0	2.0	2.0	2	2	20.0	120.0	7.0	1.0	439	0	0
3862	40029.0	1.0	2.0	2.0	2	4	50.0	15.0	5.0	1.0	234	1	0
3863	40029.0	1.0	2.0	2.0	2	4	12.0	120.0	5.0	1.0	234	1	0
3864	40029.0	1.0	2.0	2.0	2	4	37.0	15.0	5.0	1.0	234	1	0
3869	40038.0	2.0	2.0	2.0	2	4	42.0	30.0	5.0	1.0	465	1	0
3870	40041.0	2.0	2.0	2.0	2	2	42.0	25.0	6.0	2.0	417	0	0
3872	40056.0	2.0	2.0	2.0	2	4	34.0	120.0	10.0	1.0	196	1	0
3886	40071.0	9.0	2.0	2.0	2	4	34.0	60.0	7.0	1.0	236	1	0
3888	40077.0	2.0	2.0	2.0	1	1	36.0	30.0	5.0	2.0	390	1	0
3927	40220.0	2.0	2.0	2.0	2	2	15.0	10.0	8.0	2.0	543	0	0
3938	40254.0	2.0	2.0	2.0	2	2	13.0	60.0	6.0	2.0	349	0	0
3951	40273.0	2.0	2.0	2.0	2	2	15.0	20.0	8.0	2.0	210	0	0
3953	40292.0	2.0	2.0	2.0	2	2	10.0	75.0	8.0	2.0	221	1	0
3956	40306.0	2.0	2.0	2.0	2	2	38.0	20.0	8.0	1.0	192	1	0
3957	40306.0	2.0	2.0	2.0	2	2	29.0	15.0	8.0	1.0	192	1	0
3958	40306.0	2.0	2.0	2.0	2	2	23.0	15.0	8.0	1.0	192	1	0
3960	40306.0	2.0	2.0	2.0	2	2	13.0	30.0	8.0	1.0	192	1	0
3981	40347.0	2.0	2.0	2.0	2	1	23.0	60.0	8.0	1.0	436	1	0
3988	40363.0	1.0	2.0	2.0	2	2	37.0	10.0	7.0	2.0	750	0	0
3992	40370.0	1.0	2.0	2.0	2	3	55.0	30.0	9.0	1.0	582	0	0
3994	40370.0	1.0	2.0	2.0	2	3	38.0	15.0	9.0	1.0	582	0	0
3999	40384.0	2.0	2.0	2.0	2	2	42.0	30.0	5.0	2.0	412	0	0
4000	40384.0	2.0	2.0	2.0	2	2	10.0	30.0	5.0	2.0	412	0	0
4002	40388.0	2.0	2.0	1.0	2	2	12.0	45.0	1.0	1.0	274	1	0
4008	40390.0	2.0	2.0	2.0	2	3	42.0	60.0	8.0	2.0	194	1	0
4015	40391.0	2.0	2.0	2.0	2	4	16.0	180.0	8.0	1.0	828	0	0
4022	40404.0	1.0	2.0	2.0	2	1	36.0	10.0	8.0	2.0	480	0	0
4025	40414.0	2.0	2.0	2.0	2	3	40.0	30.0	8.0	2.0	225	1	0
4027	40414.0	2.0	2.0	2.0	2	3	13.0	30.0	8.0	2.0	225	1	0
4028	40414.0	2.0	2.0	2.0	2	3	15.0	60.0	8.0	2.0	225	1	0
4050	40472.0	2.0	2.0	2.0	2	2	13.0	60.0	8.0	1.0	216	0	0
4051	40472.0	2.0	2.0	2.0	2	2	29.0	30.0	8.0	1.0	216	0	0
4052	40472.0	2.0	2.0	2.0	2	2	17.0	120.0	8.0	1.0	216	0	0
4053	40472.0	2.0	2.0	2.0	2	2	54.0	20.0	8.0	1.0	216	0	0
4054	40472.0	2.0	2.0	2.0	2	2	13.0	60.0	8.0	1.0	216	0	0
4057	40475.0	1.0	2.0	2.0	1	1	42.0	30.0	6.0	2.0	620	0	0
4060	40507.0	2.0	2.0	2.0	1	2	14.0	120.0	7.0	2.0	220	0	0
4061	40507.0	2.0	2.0	2.0	1	2	10.0	45.0	7.0	2.0	220	0	0
4064	40513.0	2.0	2.0	1.0	1	1	42.0	30.0	7.0	2.0	333	0	0
4067	40533.0	2.0	2.0	2.0	2	3	15.0	180.0	6.0	2.0	382	1	0
4072	40544.0	2.0	2.0	2.0	2	3	36.0	30.0	7.0	1.0	605	1	0
4073	40544.0	2.0	2.0	2.0	2	3	32.0	60.0	7.0	1.0	605	1	0
4074	40544.0	2.0	2.0	2.0	2	3	43.0	30.0	7.0	1.0	605	1	0
4075	40544.0	2.0	2.0	2.0	2	3	38.0	30.0	7.0	1.0	605	1	0
4077	40545.0	2.0	2.0	2.0	1	2	37.0	10.0	9.0	2.0	944	0	0
4081	40558.0	2.0	2.0	2.0	2	2	23.0	10.0	8.0	1.0	216	1	0
4083	40558.0	2.0	2.0	2.0	2	2	13.0	120.0	8.0	1.0	216	1	0
4088	40587.0	1.0	2.0	2.0	2	2	29.0	60.0	6.0	1.0	547	1	0
4089	40592.0	2.0	2.0	2.0	2	2	40.0	20.0	7.0	2.0	487	1	0
4090	40592.0	2.0	2.0	2.0	2	2	42.0	60.0	7.0	2.0	487	1	0
4092	40594.0	2.0	2.0	2.0	2	2	13.0	30.0	7.0	2.0	210	1	0
4095	40594.0	2.0	2.0	2.0	2	2	40.0	60.0	7.0	2.0	210	1	0
4096	40594.0	2.0	2.0	2.0	2	2	50.0	15.0	7.0	2.0	210	1	0
4099	40596.0	2.0	2.0	2.0	2	2	17.0	180.0	6.0	1.0	539	0	0
4123	40642.0	2.0	2.0	2.0	2	2	13.0	60.0	7.0	1.0	193	1	0
4136	40671.0	2.0	2.0	2.0	2	4	34.0	60.0	7.0	1.0	440	1	0
4137	40674.0	2.0	2.0	2.0	2	1	13.0	30.0	7.0	1.0	450	0	0
4138	40674.0	2.0	2.0	2.0	2	1	43.0	15.0	7.0	1.0	450	0	0
4142	40678.0	2.0	2.0	2.0	2	2	29.0	45.0	7.0	2.0	237	1	0
4145	40688.0	1.0	2.0	2.0	2	2	19.0	180.0	6.0	1.0	527	0	0
4146	40688.0	1.0	2.0	2.0	2	2	11.0	60.0	6.0	1.0	527	0	0
4148	40701.0	2.0	2.0	2.0	2	2	20.0	15.0	7.0	2.0	379	1	0
4149	40705.0	1.0	2.0	1.0	1	2	42.0	60.0	8.0	1.0	870	0	0
4150	40706.0	2.0	2.0	2.0	2	2	29.0	10.0	8.0	2.0	281	1	0
4174	40777.0	2.0	2.0	2.0	2	3	37.0	20.0	10.0	1.0	199	0	0
4178	40788.0	2.0	2.0	2.0	2	3	40.0	30.0	5.0	1.0	377	1	0
4179	40788.0	2.0	2.0	2.0	2	3	42.0	30.0	5.0	1.0	377	1	0
4180	40788.0	2.0	2.0	2.0	2	3	19.0	240.0	5.0	1.0	377	1	0
4181	40797.0	2.0	2.0	1.0	1	2	41.0	30.0	6.0	1.0	492	1	0
4207	40841.0	2.0	2.0	2.0	2	3	42.0	45.0	7.0	2.0	354	0	0
4219	40857.0	2.0	2.0	2.0	2	4	53.0	30.0	4.0	1.0	288	0	0
4223	40861.0	2.0	2.0	1.0	1	2	13.0	15.0	6.0	2.0	563	0	0
4224	40861.0	2.0	2.0	1.0	1	2	40.0	15.0	6.0	2.0	563	0	0
4225	40861.0	2.0	2.0	1.0	1	2	10.0	45.0	6.0	2.0	563	0	0
4248	40907.0	2.0	2.0	2.0	2	3	29.0	30.0	7.0	2.0	207	1	0
4249	40907.0	2.0	2.0	2.0	2	3	15.0	60.0	7.0	2.0	207	1	0
4290	40966.0	1.0	2.0	2.0	2	2	42.0	60.0	6.0	1.0	578	1	0
4291	40966.0	1.0	2.0	2.0	2	2	34.0	240.0	6.0	1.0	578	1	0
4292	40966.0	1.0	2.0	2.0	2	2	15.0	20.0	6.0	1.0	578	1	0
4313	40985.0	2.0	2.0	2.0	2	2	20.0	60.0	8.0	2.0	530	0	0
4314	40985.0	2.0	2.0	2.0	2	2	42.0	30.0	8.0	2.0	530	0	0
4315	40985.0	2.0	2.0	2.0	2	2	39.0	120.0	8.0	2.0	530	0	0
4323	41005.0	1.0	2.0	2.0	2	2	16.0	360.0	6.0	1.0	784	0	0
4336	41028.0	2.0	2.0	2.0	2	1	20.0	120.0	9.0	2.0	623	0	0
4337	41028.0	2.0	2.0	2.0	2	1	38.0	30.0	9.0	2.0	623	0	0
4339	41036.0	1.0	2.0	2.0	2	4	42.0	60.0	7.0	1.0	448	1	0
4348	41048.0	1.0	2.0	1.0	1	2	58.0	10.0	6.0	2.0	488	0	0
4355	41072.0	2.0	2.0	2.0	2	2	36.0	15.0	7.0	1.0	535	0	0
4356	41074.0	2.0	2.0	2.0	2	3	39.0	120.0	7.0	1.0	415	0	0
4357	41074.0	2.0	2.0	2.0	2	3	42.0	60.0	7.0	1.0	415	0	0
4361	41077.0	2.0	2.0	2.0	2	2	20.0	60.0	8.0	1.0	210	1	0
4380	41113.0	2.0	2.0	2.0	2	2	42.0	30.0	8.0	2.0	248	1	0
4381	41113.0	2.0	2.0	2.0	2	2	15.0	15.0	8.0	2.0	248	1	0
4382	41132.0	2.0	2.0	2.0	2	2	12.0	45.0	7.0	1.0	405	0	0
4384	41132.0	2.0	2.0	2.0	2	2	36.0	10.0	7.0	1.0	405	0	0
4396	41149.0	2.0	2.0	2.0	1	2	13.0	20.0	7.0	1.0	706	0	0
4408	41191.0	1.0	2.0	2.0	2	4	13.0	60.0	6.0	1.0	585	0	0
4409	41193.0	2.0	2.0	2.0	2	2	15.0	180.0	7.0	1.0	193	1	0
4410	41195.0	2.0	2.0	2.0	2	1	23.0	45.0	10.0	1.0	229	0	0
4412	41198.0	2.0	2.0	2.0	2	3	10.0	60.0	7.0	2.0	239	1	0
4413	41198.0	2.0	2.0	2.0	2	3	29.0	10.0	7.0	2.0	239	1	0
4415	41204.0	1.0	1.0	2.0	2	4	43.0	30.0	8.0	1.0	723	0	0
4417	41209.0	2.0	2.0	2.0	2	2	36.0	30.0	8.0	2.0	462	0	0
4418	41229.0	2.0	2.0	2.0	2	3	12.0	60.0	9.0	1.0	200	1	0
4419	41229.0	2.0	2.0	2.0	2	3	23.0	60.0	9.0	1.0	200	1	0
4425	41255.0	2.0	2.0	2.0	2	2	42.0	15.0	7.0	1.0	632	1	0
4426	41259.0	2.0	2.0	2.0	2	2	16.0	180.0	6.0	2.0	275	1	0
4427	41259.0	2.0	2.0	2.0	2	2	42.0	120.0	6.0	2.0	275	1	0
4428	41265.0	2.0	2.0	2.0	2	2	13.0	60.0	8.0	2.0	529	1	0
4441	41289.0	2.0	2.0	2.0	2	3	12.0	120.0	6.0	1.0	317	1	0
4447	41303.0	2.0	2.0	2.0	2	4	54.0	60.0	7.0	1.0	303	1	0
4448	41303.0	2.0	2.0	2.0	2	4	50.0	30.0	7.0	1.0	303	1	0
4449	41303.0	2.0	2.0	2.0	2	4	37.0	10.0	7.0	1.0	303	1	0
4456	41313.0	2.0	2.0	2.0	2	4	13.0	30.0	6.0	1.0	415	1	0
4457	41313.0	2.0	2.0	2.0	2	4	29.0	30.0	6.0	1.0	415	1	0
4458	41313.0	2.0	2.0	2.0	2	4	12.0	120.0	6.0	1.0	415	1	0
4459	41313.0	2.0	2.0	2.0	2	4	23.0	30.0	6.0	1.0	415	1	0
4465	41329.0	2.0	2.0	2.0	2	3	10.0	60.0	7.0	2.0	225	1	0
4466	41329.0	2.0	2.0	2.0	2	3	42.0	60.0	7.0	2.0	225	1	0
4470	41349.0	2.0	2.0	2.0	2	1	38.0	60.0	8.0	1.0	267	0	0
4477	41382.0	1.0	2.0	2.0	1	2	42.0	20.0	6.0	2.0	709	0	0
4478	41382.0	1.0	2.0	2.0	1	2	38.0	90.0	6.0	2.0	709	0	0
4481	41388.0	2.0	2.0	2.0	2	1	42.0	90.0	8.0	2.0	407	1	0
4493	41438.0	2.0	2.0	2.0	2	2	36.0	10.0	8.0	2.0	308	0	0
4494	41438.0	2.0	2.0	2.0	2	2	42.0	30.0	8.0	2.0	308	0	0
4521	41459.0	2.0	2.0	2.0	2	1	15.0	30.0	7.0	2.0	321	0	0
4524	41462.0	2.0	2.0	2.0	2	3	13.0	60.0	8.0	1.0	678	0	0
4525	41462.0	2.0	2.0	2.0	2	3	42.0	30.0	8.0	1.0	678	0	0
4529	41472.0	1.0	2.0	2.0	1	2	29.0	20.0	8.0	1.0	410	0	0
